asset_id,original_file_name,new_file_name,file_path,file_type,media_format,source_folder,source_drive_link,import_date,status,media_category,product_type,texture,length_visible_estimate,color_tone,density_visible_estimate,closure_or_frontal_visible,wig_visible,bundle_count_visible,install_state,visual_quality_score,lighting_quality_score,clarity_score,luxury_score,usable_for_website,usable_for_instagram,usable_for_ads,usable_for_product_page,usable_for_blog,needs_manual_review,review_notes,candidate_sku,candidate_collection,campaign_angle,caption_angle,customer_persona_fit,funnel_stage_fit,priority_rank,suggested_alt_text,suggested_title,suggested_short_description,suggested_tags,markdown_reference_path
AST-0001,0bed147c-fe5e-4067-9d61-1321bd3a0c76.jpg,0bed147c-fe5e-4067-9d61-1321bd3a0c76.jpg,assets/raw/0bed147c-fe5e-4067-9d61-1321bd3a0c76.jpg,image,jpg,Local,,2026-04-03,imported,unknown,unknown,unknown,,,,,,,,,,,,yes,yes,yes,yes,yes,no,,,,,,,,5,,,,,
AST-0002,1JIAPUSRO_A7V9KI.mp4,virgin-straight-22in-13x4-platinum-wig-233usd.mp4,assets/processed/virgin-straight-22in-13x4-platinum-wig-233usd.mp4,video,mp4,Local,,2026-04-03,processed,unknown,wig,virgin_straight,22,,,,,,,,,,,yes,yes,yes,yes,yes,no,Price: 233USD,,,,,,,5,,,,,
AST-0003,1dc86957-61c7-40d6-bbf8-a1287e06d460.mp4,raw-deep-wave-18in-bundles-120usd-3.mp4,assets/processed/raw-deep-wave-18in-bundles-120usd-3.mp4,video,mp4,Local,,2026-04-03,processed,unknown,bundle,deep_wave,18,,,,,,,,,,,yes,yes,yes,yes,yes,no,Price: 120USD,,,,,,,5,,,,,
AST-0004,222.57(1).jpeg,222.57(1).jpeg,assets/raw/222.57(1).jpeg,image,jpeg,Local,,2026-04-03,imported,unknown,unknown,unknown,,,,,,,,,,,,yes,yes,yes,yes,yes,no,,,,,,,,5,,,,,
AST-0005,237e872b-b730-4337-b9b3-9d2724c9163f.mp4,virgin-straight-20in-burgundy-bundles-51usd-2.mp4,assets/processed/virgin-straight-20in-burgundy-bundles-51usd-2.mp4,video,mp4,Local,,2026-04-03,processed,unknown,bundle,virgin_straight,20,,,,,,,,,,,yes,yes,yes,yes,yes,no,Price: 51USD,,,,,,,5,,,,,
AST-0006,4dec571d-08e6-4f6f-83b8-3f7bcd2ce40f.mp4,raw-body-wave-18in-bundles-102usd-2.mp4,assets/processed/raw-body-wave-18in-bundles-102usd-2.mp4,video,mp4,Local,,2026-04-03,processed,unknown,bundle,body_wave,18,,,,,,,,,,,yes,yes,yes,yes,yes,no,Price: 102USD,,,,,,,5,,,,,
AST-0007,50db96bf-1bc0-4325-8154-db517da4c5a8.jpg,50db96bf-1bc0-4325-8154-db517da4c5a8.jpg,assets/raw/50db96bf-1bc0-4325-8154-db517da4c5a8.jpg,image,jpg,Local,,2026-04-03,imported,unknown,unknown,unknown,,,,,,,,,,,,yes,yes,yes,yes,yes,no,,,,,,,,5,,,,,
AST-0008,72b8c4cb-8c2f-414f-93dc-83c850311f2c.mp4,raw-bone-straight-20in-bundles-128usd-2.mp4,assets/processed/raw-bone-straight-20in-bundles-128usd-2.mp4,video,mp4,Local,,2026-04-03,processed,unknown,bundle,bone_straight,20,,,,,,,,,,,yes,yes,yes,yes,yes,no,Price: 128USD,,,,,,,5,,,,,
AST-0009,7dfcf682-05cb-4413-a4f4-7d072b350e48.jpg,7dfcf682-05cb-4413-a4f4-7d072b350e48.jpg,assets/raw/7dfcf682-05cb-4413-a4f4-7d072b350e48.jpg,image,jpg,Local,,2026-04-03,imported,unknown,unknown,unknown,,,,,,,,,,,,yes,yes,yes,yes,yes,no,,,,,,,,5,,,,,
AST-0010,84140e15-f531-41a9-8218-77ff0c304867.jpg,raw-deep-wave-18in-bundles-120usd-2.jpg,assets/processed/raw-deep-wave-18in-bundles-120usd-2.jpg,image,jpg,Local,,2026-04-03,processed,unknown,bundle,deep_wave,18,,,,,,,,,,,yes,yes,yes,yes,yes,no,Price: 120USD,,,,,,,5,,,,,
AST-0011,8e94bd58-5176-4097-965e-27fb757d2080.mp4,raw-deep-wave-18in-bundles-120usd-4.mp4,assets/processed/raw-deep-wave-18in-bundles-120usd-4.mp4,video,mp4,Local,,2026-04-03,processed,unknown,bundle,deep_wave,18,,,,,,,,,,,yes,yes,yes,yes,yes,no,Price: 120USD,,,,,,,5,,,,,
AST-0012,IMG_0032.MOV,raw-bone-straight-24in-5x5-brown-wig-262usd-9.mov,assets/processed/raw-bone-straight-24in-5x5-brown-wig-262usd-9.mov,video,mov,Local,,2026-04-03,processed,unknown,wig,bone_straight,24,,,,,,,,,,,yes,yes,yes,yes,yes,no,Price: 262USD,,,,,,,5,,,,,
AST-0013,IMG_0176.HEIC,IMG_0176.HEIC,assets/raw/IMG_0176.HEIC,image,heic,Local,,2026-04-03,imported,unknown,unknown,unknown,,,,,,,,,,,,yes,yes,yes,yes,yes,no,,,,,,,,5,,,,,
AST-0014,IMG_0180.HEIC,IMG_0180.HEIC,assets/raw/IMG_0180.HEIC,image,heic,Local,,2026-04-03,imported,unknown,unknown,unknown,,,,,,,,,,,,yes,yes,yes,yes,yes,no,,,,,,,,5,,,,,
AST-0015,IMG_0181.MOV,virgin-straight-12in-5x5-brown-bob-wig-88usd.mov,assets/processed/virgin-straight-12in-5x5-brown-bob-wig-88usd.mov,video,mov,Local,,2026-04-03,processed,unknown,wig,virgin_straight,12,,,,,,,,,,,yes,yes,yes,yes,yes,no,Price: 88USD,,,,,,,5,,,,,
AST-0016,IMG_0220.HEIC,IMG_0220.HEIC,assets/raw/IMG_0220.HEIC,image,heic,Local,,2026-04-03,imported,unknown,unknown,unknown,,,,,,,,,,,,yes,yes,yes,yes,yes,no,,,,,,,,5,,,,,
AST-0017,IMG_0224.MOV,raw-bone-straight-24in-5x5-brown-wig-262usd-10.mov,assets/processed/raw-bone-straight-24in-5x5-brown-wig-262usd-10.mov,video,mov,Local,,2026-04-03,processed,unknown,wig,bone_straight,24,,,,,,,,,,,yes,yes,yes,yes,yes,no,Price: 262USD,,,,,,,5,,,,,
AST-0018,IMG_0225.HEIC,raw-bone-straight-26in-13x4-wig-372usd.jpg,assets/processed/raw-bone-straight-26in-13x4-wig-372usd.jpg,image,heic,Local,,2026-04-03,processed,unknown,wig,bone_straight,26,,,,,,,,,,,yes,yes,yes,yes,yes,no,Price: 372USD,,,,,,,5,,,,,
AST-0019,IMG_0226.HEIC,IMG_0226.HEIC,assets/raw/IMG_0226.HEIC,image,heic,Local,,2026-04-03,imported,unknown,unknown,unknown,,,,,,,,,,,,yes,yes,yes,yes,yes,no,,,,,,,,5,,,,,
AST-0020,IMG_0353.HEIC,virgin-straight-assorted-bundles-48usd.jpg,assets/processed/virgin-straight-assorted-bundles-48usd.jpg,image,heic,Local,,2026-04-03,processed,unknown,bundle,virgin_straight,,,,,,,,,,,,yes,yes,yes,yes,yes,no,Price: 48USD,,,,,,,5,,,,,
AST-0021,IMG_0354.HEIC,virgin-straight-assorted-bundles-48usd-2.jpg,assets/processed/virgin-straight-assorted-bundles-48usd-2.jpg,image,heic,Local,,2026-04-03,processed,unknown,bundle,virgin_straight,,,,,,,,,,,,yes,yes,yes,yes,yes,no,Price: 48USD,,,,,,,5,,,,,
AST-0022,IMG_0355.HEIC,virgin-straight-14in-bundles-48usd-2.jpg,assets/processed/virgin-straight-14in-bundles-48usd-2.jpg,image,heic,Local,,2026-04-03,processed,unknown,bundle,virgin_straight,14,,,,,,,,,,,yes,yes,yes,yes,yes,no,Price: 48USD,,,,,,,5,,,,,
AST-0023,IMG_0356.HEIC,virgin-straight-assorted-bundles-48usd-3.jpg,assets/processed/virgin-straight-assorted-bundles-48usd-3.jpg,image,heic,Local,,2026-04-03,processed,unknown,bundle,virgin_straight,,,,,,,,,,,,yes,yes,yes,yes,yes,no,Price: 48USD,,,,,,,5,,,,,
AST-0024,IMG_0357.MOV,virgin-straight-assorted-bundles-48usd-4.mov,assets/processed/virgin-straight-assorted-bundles-48usd-4.mov,video,mov,Local,,2026-04-03,processed,unknown,bundle,virgin_straight,,,,,,,,,,,,yes,yes,yes,yes,yes,no,Price: 48USD,,,,,,,5,,,,,
AST-0025,IMG_0363.MOV,virgin-straight-assorted-bundles-48usd-5.mov,assets/processed/virgin-straight-assorted-bundles-48usd-5.mov,video,mov,Local,,2026-04-03,processed,unknown,bundle,virgin_straight,,,,,,,,,,,,yes,yes,yes,yes,yes,no,Price: 48USD,,,,,,,5,,,,,
AST-0026,IMG_0385.HEIC,raw-bone-straight-24in-13x4-piano-wig-340usd-3.jpg,assets/processed/raw-bone-straight-24in-13x4-piano-wig-340usd-3.jpg,image,heic,Local,,2026-04-03,processed,unknown,wig,bone_straight,24,,,,,,,,,,,yes,yes,yes,yes,yes,no,Price: 340USD,,,,,,,5,,,,,
AST-0027,IMG_0386.MOV,raw-bone-straight-24in-13x4-piano-wig-340usd-4.mov,assets/processed/raw-bone-straight-24in-13x4-piano-wig-340usd-4.mov,video,mov,Local,,2026-04-03,processed,unknown,wig,bone_straight,24,,,,,,,,,,,yes,yes,yes,yes,yes,no,Price: 340USD,,,,,,,5,,,,,
AST-0028,IMG_0387.HEIC,raw-bone-straight-24in-13x4-piano-wig-340usd-2.jpg,assets/processed/raw-bone-straight-24in-13x4-piano-wig-340usd-2.jpg,image,heic,Local,,2026-04-03,processed,unknown,wig,bone_straight,24,,,,,,,,,,,yes,yes,yes,yes,yes,no,Price: 340USD,,,,,,,5,,,,,
AST-0029,IMG_0401.HEIC,raw-bone-straight-24in-5x5-brown-wig-262usd-3.jpg,assets/processed/raw-bone-straight-24in-5x5-brown-wig-262usd-3.jpg,image,heic,Local,,2026-04-03,processed,unknown,wig,bone_straight,24,,,,,,,,,,,yes,yes,yes,yes,yes,no,Price: 262USD,,,,,,,5,,,,,
AST-0030,IMG_0402.HEIC,raw-bone-straight-24in-5x5-brown-wig-262usd-4.jpg,assets/processed/raw-bone-straight-24in-5x5-brown-wig-262usd-4.jpg,image,heic,Local,,2026-04-03,processed,unknown,wig,bone_straight,24,,,,,,,,,,,yes,yes,yes,yes,yes,no,Price: 262USD,,,,,,,5,,,,,
AST-0031,IMG_0403.MOV,raw-bone-straight-24in-ombre-bundles-75usd-4.mov,assets/processed/raw-bone-straight-24in-ombre-bundles-75usd-4.mov,video,mov,Local,,2026-04-03,processed,unknown,bundle,bone_straight,24,,,,,,,,,,,yes,yes,yes,yes,yes,no,Price: 75USD,,,,,,,5,,,,,
AST-0032,IMG_0408.MOV,raw-deep-wave-18in-5x5-wig-186usd-4.mov,assets/processed/raw-deep-wave-18in-5x5-wig-186usd-4.mov,video,mov,Local,,2026-04-03,processed,unknown,wig,deep_wave,18,,,,,,,,,,,yes,yes,yes,yes,yes,no,Price: 186USD,,,,,,,5,,,,,
AST-0033,IMG_1077.HEIC,raw-deep-wave-18in-bundles-40usd.jpg,assets/processed/raw-deep-wave-18in-bundles-40usd.jpg,image,heic,Local,,2026-04-03,processed,unknown,bundle,deep_wave,18,,,,,,,,,,,yes,yes,yes,yes,yes,no,Price: 40USD,,,,,,,5,,,,,
AST-0034,IMG_1078.MOV,raw-deep-wave-18in-bundles-120usd-5.mov,assets/processed/raw-deep-wave-18in-bundles-120usd-5.mov,video,mov,Local,,2026-04-03,processed,unknown,bundle,deep_wave,18,,,,,,,,,,,yes,yes,yes,yes,yes,no,Price: 120USD,,,,,,,5,,,,,
AST-0035,IMG_1351.HEIC,raw-bone-straight-22in-5x5-wig-pair-259usd.jpg,assets/processed/raw-bone-straight-22in-5x5-wig-pair-259usd.jpg,image,heic,Local,,2026-04-03,processed,unknown,wig,bone_straight,22,,,,,,,,,,,yes,yes,yes,yes,yes,no,Price: 259USD,,,,,,,5,,,,,
AST-0036,IMG_1352.HEIC,raw-bone-straight-22in-5x5-wig-259usd.jpg,assets/processed/raw-bone-straight-22in-5x5-wig-259usd.jpg,image,heic,Local,,2026-04-03,processed,unknown,wig,bone_straight,22,,,,,,,,,,,yes,yes,yes,yes,yes,no,Price: 259USD,,,,,,,5,,,,,
AST-0037,IMG_1480.HEIC,virgin-body-wave-14in-copper-bundles-66usd.jpg,assets/processed/virgin-body-wave-14in-copper-bundles-66usd.jpg,image,heic,Local,,2026-04-03,processed,unknown,bundle,body_wave,14,,,,,,,,,,,yes,yes,yes,yes,yes,no,Price: 66USD,,,,,,,5,,,,,
AST-0038,IMG_1663.HEIC,IMG_1663.HEIC,assets/raw/IMG_1663.HEIC,image,heic,Local,,2026-04-03,imported,unknown,unknown,unknown,,,,,,,,,,,,yes,yes,yes,yes,yes,no,,,,,,,,5,,,,,
AST-0039,IMG_1665.MOV,raw-bone-straight-18in-highlight-bundles-60usd-3.mov,assets/processed/raw-bone-straight-18in-highlight-bundles-60usd-3.mov,video,mov,Local,,2026-04-03,processed,unknown,bundle,bone_straight,18,,,,,,,,,,,yes,yes,yes,yes,yes,no,Price: 60USD,,,,,,,5,,,,,
AST-0040,IMG_1673.MOV,raw-body-wave-22in-5x5-wig-220usd-3.mov,assets/processed/raw-body-wave-22in-5x5-wig-220usd-3.mov,video,mov,Local,,2026-04-03,processed,unknown,wig,body_wave,22,,,,,,,,,,,yes,yes,yes,yes,yes,no,Price: 220USD,,,,,,,5,,,,,
AST-0041,IMG_1675.HEIC,raw-body-wave-22in-5x5-wig-220usd-2.jpg,assets/processed/raw-body-wave-22in-5x5-wig-220usd-2.jpg,image,heic,Local,,2026-04-03,processed,unknown,wig,body_wave,22,,,,,,,,,,,yes,yes,yes,yes,yes,no,Price: 220USD,,,,,,,5,,,,,
AST-0042,IMG_1677.HEIC,raw-bone-straight-18in-5x5-honey-wig-235usd.jpg,assets/processed/raw-bone-straight-18in-5x5-honey-wig-235usd.jpg,image,heic,Local,,2026-04-03,processed,unknown,wig,bone_straight,18,,,,,,,,,,,yes,yes,yes,yes,yes,no,Price: 235USD,,,,,,,5,,,,,
AST-0043,IMG_1723.MOV,raw-bone-straight-24in-5x5-brown-wig-262usd-11.mov,assets/processed/raw-bone-straight-24in-5x5-brown-wig-262usd-11.mov,video,mov,Local,,2026-04-03,processed,unknown,wig,bone_straight,24,,,,,,,,,,,yes,yes,yes,yes,yes,no,Price: 262USD,,,,,,,5,,,,,
AST-0044,IMG_1724.HEIC,raw-bone-straight-22in-13x4-wig-289usd.jpg,assets/processed/raw-bone-straight-22in-13x4-wig-289usd.jpg,image,heic,Local,,2026-04-03,processed,unknown,wig,bone_straight,22,,,,,,,,,,,yes,yes,yes,yes,yes,no,Price: 289USD,,,,,,,5,,,,,
AST-0045,IMG_1729.HEIC,raw-bone-straight-24in-5x5-brown-wig-262usd-5.jpg,assets/processed/raw-bone-straight-24in-5x5-brown-wig-262usd-5.jpg,image,heic,Local,,2026-04-03,processed,unknown,wig,bone_straight,24,,,,,,,,,,,yes,yes,yes,yes,yes,no,Price: 262USD,,,,,,,5,,,,,
AST-0046,IMG_1730.HEIC,raw-bone-straight-24in-5x5-brown-wig-262usd-6.jpg,assets/processed/raw-bone-straight-24in-5x5-brown-wig-262usd-6.jpg,image,heic,Local,,2026-04-03,processed,unknown,wig,bone_straight,24,,,,,,,,,,,yes,yes,yes,yes,yes,no,Price: 262USD,,,,,,,5,,,,,
AST-0047,IMG_1731.HEIC,raw-bone-straight-22in-5x5-wig-top-259usd.jpg,assets/processed/raw-bone-straight-22in-5x5-wig-top-259usd.jpg,image,heic,Local,,2026-04-03,processed,unknown,wig,bone_straight,22,,,,,,,,,,,yes,yes,yes,yes,yes,no,Price: 259USD,,,,,,,5,,,,,
AST-0048,IMG_1732.HEIC,raw-bone-straight-24in-5x5-brown-wig-262usd-7.jpg,assets/processed/raw-bone-straight-24in-5x5-brown-wig-262usd-7.jpg,image,heic,Local,,2026-04-03,processed,unknown,wig,bone_straight,24,,,,,,,,,,,yes,yes,yes,yes,yes,no,Price: 262USD,,,,,,,5,,,,,
AST-0049,IMG_1748.HEIC,IMG_1748.HEIC,assets/raw/IMG_1748.HEIC,image,heic,Local,,2026-04-03,imported,unknown,unknown,unknown,,,,,,,,,,,,yes,yes,yes,yes,yes,no,,,,,,,,5,,,,,
AST-0050,IMG_1749.MOV,raw-bone-straight-24in-ombre-bundles-75usd-5.mov,assets/processed/raw-bone-straight-24in-ombre-bundles-75usd-5.mov,video,mov,Local,,2026-04-03,processed,unknown,bundle,bone_straight,24,,,,,,,,,,,yes,yes,yes,yes,yes,no,Price: 75USD,,,,,,,5,,,,,
AST-0051,IMG_1751.HEIC,raw-bone-straight-24in-ombre-bundles-75usd.jpg,assets/processed/raw-bone-straight-24in-ombre-bundles-75usd.jpg,image,heic,Local,,2026-04-03,processed,unknown,bundle,bone_straight,24,,,,,,,,,,,yes,yes,yes,yes,yes,no,Price: 75USD,,,,,,,5,,,,,
AST-0052,IMG_1752.HEIC,raw-bone-straight-24in-ombre-bundles-75usd-3.jpg,assets/processed/raw-bone-straight-24in-ombre-bundles-75usd-3.jpg,image,heic,Local,,2026-04-03,processed,unknown,bundle,bone_straight,24,,,,,,,,,,,yes,yes,yes,yes,yes,no,Price: 75USD,,,,,,,5,,,,,
AST-0053,IMG_1760.HEIC,raw-bone-straight-18in-highlight-bundles-60usd-2.jpg,assets/processed/raw-bone-straight-18in-highlight-bundles-60usd-2.jpg,image,heic,Local,,2026-04-03,processed,unknown,bundle,bone_straight,18,,,,,,,,,,,yes,yes,yes,yes,yes,no,Price: 60USD,,,,,,,5,,,,,
AST-0054,IMG_1761.HEIC,raw-bone-straight-18in-highlight-bundles-60usd.jpg,assets/processed/raw-bone-straight-18in-highlight-bundles-60usd.jpg,image,heic,Local,,2026-04-03,processed,unknown,bundle,bone_straight,18,,,,,,,,,,,yes,yes,yes,yes,yes,no,Price: 60USD,,,,,,,5,,,,,
AST-0055,IMG_1863.MOV,virgin-straight-14in-bundles-48usd-3.mov,assets/processed/virgin-straight-14in-bundles-48usd-3.mov,video,mov,Local,,2026-04-03,processed,unknown,bundle,virgin_straight,14,,,,,,,,,,,yes,yes,yes,yes,yes,no,Price: 48USD,,,,,,,5,,,,,
AST-0056,IMG_1865.HEIC,raw-bone-straight-20in-bundles-128usd.jpg,assets/processed/raw-bone-straight-20in-bundles-128usd.jpg,image,heic,Local,,2026-04-03,processed,unknown,bundle,bone_straight,20,,,,,,,,,,,yes,yes,yes,yes,yes,no,Price: 128USD,,,,,,,5,,,,,
AST-0057,IMG_1866.HEIC,raw-body-wave-18in-bundle-40usd-2.jpg,assets/processed/raw-body-wave-18in-bundle-40usd-2.jpg,image,heic,Local,,2026-04-03,processed,unknown,bundle,body_wave,18,,,,,,,,,,,yes,yes,yes,yes,yes,no,Price: 40USD,,,,,,,5,,,,,
AST-0058,IMG_1867.HEIC,IMG_1867.HEIC,assets/raw/IMG_1867.HEIC,image,heic,Local,,2026-04-03,imported,unknown,unknown,unknown,,,,,,,,,,,,yes,yes,yes,yes,yes,no,,,,,,,,5,,,,,
AST-0059,IMG_1872.HEIC,raw-body-wave-24in-13x4-highlight-wig-289usd.jpg,assets/processed/raw-body-wave-24in-13x4-highlight-wig-289usd.jpg,image,heic,Local,,2026-04-03,processed,unknown,wig,body_wave,24,,,,,,,,,,,yes,yes,yes,yes,yes,no,Price: 289USD,,,,,,,5,,,,,
AST-0060,IMG_1873.HEIC,raw-body-wave-24in-13x4-highlight-wig-289usd-2.jpg,assets/processed/raw-body-wave-24in-13x4-highlight-wig-289usd-2.jpg,image,heic,Local,,2026-04-03,processed,unknown,wig,body_wave,24,,,,,,,,,,,yes,yes,yes,yes,yes,no,Price: 289USD,,,,,,,5,,,,,
AST-0061,IMG_1876.HEIC,raw-body-wave-24in-13x4-highlight-wig-289usd-3.jpg,assets/processed/raw-body-wave-24in-13x4-highlight-wig-289usd-3.jpg,image,heic,Local,,2026-04-03,processed,unknown,wig,body_wave,24,,,,,,,,,,,yes,yes,yes,yes,yes,no,Price: 289USD,,,,,,,5,,,,,
AST-0062,IMG_1879.HEIC,raw-deep-wave-18in-5x5-wig-186usd-3.jpg,assets/processed/raw-deep-wave-18in-5x5-wig-186usd-3.jpg,image,heic,Local,,2026-04-03,processed,unknown,wig,deep_wave,18,,,,,,,,,,,yes,yes,yes,yes,yes,no,Price: 186USD,,,,,,,5,,,,,
AST-0063,IMG_1889.MOV,virgin-straight-assorted-bundles-48usd-6.mov,assets/processed/virgin-straight-assorted-bundles-48usd-6.mov,video,mov,Local,,2026-04-03,processed,unknown,bundle,virgin_straight,,,,,,,,,,,,yes,yes,yes,yes,yes,no,Price: 48USD,,,,,,,5,,,,,
AST-0064,IMG_1890.HEIC,IMG_1890.HEIC,assets/raw/IMG_1890.HEIC,image,heic,Local,,2026-04-03,imported,unknown,unknown,unknown,,,,,,,,,,,,yes,yes,yes,yes,yes,no,,,,,,,,5,,,,,
AST-0065,IMG_1987.HEIC,virgin-straight-22in-platinum-bundles-55usd-3.jpg,assets/processed/virgin-straight-22in-platinum-bundles-55usd-3.jpg,image,heic,Local,,2026-04-03,processed,unknown,bundle,virgin_straight,22,,,,,,,,,,,yes,yes,yes,yes,yes,no,Price: 55USD,,,,,,,5,,,,,
AST-0066,IMG_1999.MOV,virgin-straight-22in-platinum-bundles-55usd-4.mov,assets/processed/virgin-straight-22in-platinum-bundles-55usd-4.mov,video,mov,Local,,2026-04-03,processed,unknown,bundle,virgin_straight,22,,,,,,,,,,,yes,yes,yes,yes,yes,no,Price: 55USD,,,,,,,5,,,,,
AST-0067,IMG_2001.HEIC,virgin-straight-22in-platinum-bundles-55usd.jpg,assets/processed/virgin-straight-22in-platinum-bundles-55usd.jpg,image,heic,Local,,2026-04-03,processed,unknown,bundle,virgin_straight,22,,,,,,,,,,,yes,yes,yes,yes,yes,no,Price: 55USD,,,,,,,5,,,,,
AST-0068,IMG_2002.HEIC,virgin-straight-22in-platinum-bundles-55usd-2.jpg,assets/processed/virgin-straight-22in-platinum-bundles-55usd-2.jpg,image,heic,Local,,2026-04-03,processed,unknown,bundle,virgin_straight,22,,,,,,,,,,,yes,yes,yes,yes,yes,no,Price: 55USD,,,,,,,5,,,,,
AST-0069,IMG_2009.MOV,virgin-straight-20in-blonde-bundles-51usd-2.mov,assets/processed/virgin-straight-20in-blonde-bundles-51usd-2.mov,video,mov,Local,,2026-04-03,processed,unknown,bundle,virgin_straight,20,,,,,,,,,,,yes,yes,yes,yes,yes,no,Price: 51USD,,,,,,,5,,,,,
AST-0070,IMG_2010.HEIC,virgin-straight-20in-blonde-bundles-51usd.jpg,assets/processed/virgin-straight-20in-blonde-bundles-51usd.jpg,image,heic,Local,,2026-04-03,processed,unknown,bundle,virgin_straight,20,,,,,,,,,,,yes,yes,yes,yes,yes,no,Price: 51USD,,,,,,,5,,,,,
AST-0071,IMG_2526.HEIC,virgin-straight-12in-5x5-blonde-bob-wig-101usd.jpg,assets/processed/virgin-straight-12in-5x5-blonde-bob-wig-101usd.jpg,image,heic,Local,,2026-04-03,processed,unknown,wig,virgin_straight,12,,,,,,,,,,,yes,yes,yes,yes,yes,no,Price: 101USD,,,,,,,5,,,,,
AST-0072,IMG_2959.HEIC,IMG_2959.HEIC,assets/raw/IMG_2959.HEIC,image,heic,Local,,2026-04-03,imported,unknown,unknown,unknown,,,,,,,,,,,,yes,yes,yes,yes,yes,no,,,,,,,,5,,,,,
AST-0073,IMG_2960.MOV,virgin-body-wave-14in-platinum-bob-wig-128usd.mov,assets/processed/virgin-body-wave-14in-platinum-bob-wig-128usd.mov,video,mov,Local,,2026-04-03,processed,unknown,wig,body_wave,14,,,,,,,,,,,yes,yes,yes,yes,yes,no,Price: 128USD,,,,,,,5,,,,,
AST-0074,IMG_3114.HEIC,IMG_3114.HEIC,assets/raw/IMG_3114.HEIC,image,heic,Local,,2026-04-03,imported,unknown,unknown,unknown,,,,,,,,,,,,yes,yes,yes,yes,yes,no,,,,,,,,5,,,,,
AST-0075,IMG_3115.MOV,raw-bone-straight-24in-ombre-bundles-75usd-6.mov,assets/processed/raw-bone-straight-24in-ombre-bundles-75usd-6.mov,video,mov,Local,,2026-04-03,processed,unknown,bundle,bone_straight,24,,,,,,,,,,,yes,yes,yes,yes,yes,no,Price: 75USD,,,,,,,5,,,,,
AST-0076,IMG_3212.MOV,virgin-straight-20in-platinum-curled-bundles-51usd.mov,assets/processed/virgin-straight-20in-platinum-curled-bundles-51usd.mov,video,mov,Local,,2026-04-03,processed,unknown,bundle,virgin_straight,20,,,,,,,,,,,yes,yes,yes,yes,yes,no,Price: 51USD,,,,,,,5,,,,,
AST-0077,IMG_3214.MOV,virgin-straight-20in-platinum-curled-bundles-51usd-2.mov,assets/processed/virgin-straight-20in-platinum-curled-bundles-51usd-2.mov,video,mov,Local,,2026-04-03,processed,unknown,bundle,virgin_straight,20,,,,,,,,,,,yes,yes,yes,yes,yes,no,Price: 51USD,,,,,,,5,,,,,
AST-0078,IMG_3303.HEIC,raw-body-wave-20in-5x5-wig-205usd.jpg,assets/processed/raw-body-wave-20in-5x5-wig-205usd.jpg,image,heic,Local,,2026-04-03,processed,unknown,wig,body_wave,20,,,,,,,,,,,yes,yes,yes,yes,yes,no,Price: 205USD,,,,,,,5,,,,,
AST-0079,IMG_3305.MOV,raw-body-wave-20in-5x5-wig-205usd-2.mov,assets/processed/raw-body-wave-20in-5x5-wig-205usd-2.mov,video,mov,Local,,2026-04-03,processed,unknown,wig,body_wave,20,,,,,,,,,,,yes,yes,yes,yes,yes,no,Price: 205USD,,,,,,,5,,,,,
AST-0080,IMG_3803.HEIC,raw-deep-wave-18in-bundle-40usd-3.jpg,assets/processed/raw-deep-wave-18in-bundle-40usd-3.jpg,image,heic,Local,,2026-04-03,processed,unknown,bundle,deep_wave,18,,,,,,,,,,,yes,yes,yes,yes,yes,no,Price: 40USD,,,,,,,5,,,,,
AST-0081,IMG_3804.HEIC,IMG_3804.HEIC,assets/raw/IMG_3804.HEIC,image,heic,Local,,2026-04-03,imported,unknown,unknown,unknown,,,,,,,,,,,,yes,yes,yes,yes,yes,no,,,,,,,,5,,,,,
AST-0082,IMG_3805.MOV,raw-deep-wave-18in-bundles-120usd-6.mov,assets/processed/raw-deep-wave-18in-bundles-120usd-6.mov,video,mov,Local,,2026-04-03,processed,unknown,bundle,deep_wave,18,,,,,,,,,,,yes,yes,yes,yes,yes,no,Price: 120USD,,,,,,,5,,,,,
AST-0083,IMG_3916.HEIC,raw-deep-wave-18in-bundles-102usd.jpg,assets/processed/raw-deep-wave-18in-bundles-102usd.jpg,image,heic,Local,,2026-04-03,processed,unknown,bundle,deep_wave,18,,,,,,,,,,,yes,yes,yes,yes,yes,no,Price: 102USD,,,,,,,5,,,,,
AST-0084,IMG_3917.MOV,raw-deep-wave-18in-bundles-120usd-7.mov,assets/processed/raw-deep-wave-18in-bundles-120usd-7.mov,video,mov,Local,,2026-04-03,processed,unknown,bundle,deep_wave,18,,,,,,,,,,,yes,yes,yes,yes,yes,no,Price: 120USD,,,,,,,5,,,,,
AST-0085,IMG_3918.HEIC,raw-deep-wave-18in-5x5-wig-top-186usd.jpg,assets/processed/raw-deep-wave-18in-5x5-wig-top-186usd.jpg,image,heic,Local,,2026-04-03,processed,unknown,wig,deep_wave,18,,,,,,,,,,,yes,yes,yes,yes,yes,no,Price: 186USD,,,,,,,5,,,,,
AST-0086,IMG_3919.HEIC,raw-deep-wave-18in-5x5-wig-top-186usd-2.jpg,assets/processed/raw-deep-wave-18in-5x5-wig-top-186usd-2.jpg,image,heic,Local,,2026-04-03,processed,unknown,wig,deep_wave,18,,,,,,,,,,,yes,yes,yes,yes,yes,no,Price: 186USD,,,,,,,5,,,,,
AST-0087,IMG_3920.MOV,raw-deep-wave-18in-5x5-wig-186usd-5.mov,assets/processed/raw-deep-wave-18in-5x5-wig-186usd-5.mov,video,mov,Local,,2026-04-03,processed,unknown,wig,deep_wave,18,,,,,,,,,,,yes,yes,yes,yes,yes,no,Price: 186USD,,,,,,,5,,,,,
AST-0088,IMG_4015.MOV,raw-bone-straight-24in-silver-ombre-wig-262usd.mov,assets/processed/raw-bone-straight-24in-silver-ombre-wig-262usd.mov,video,mov,Local,,2026-04-03,processed,unknown,wig,bone_straight,24,,,,,,,,,,,yes,yes,yes,yes,yes,no,Price: 262USD,,,,,,,5,,,,,
AST-0089,IMG_4016.MOV,raw-bone-straight-24in-silver-ombre-wig-262usd-2.mov,assets/processed/raw-bone-straight-24in-silver-ombre-wig-262usd-2.mov,video,mov,Local,,2026-04-03,processed,unknown,wig,bone_straight,24,,,,,,,,,,,yes,yes,yes,yes,yes,no,Price: 262USD,,,,,,,5,,,,,
AST-0090,IMG_4017.MOV,raw-body-wave-20in-5x5-wig-205usd-3.mov,assets/processed/raw-body-wave-20in-5x5-wig-205usd-3.mov,video,mov,Local,,2026-04-03,processed,unknown,wig,body_wave,20,,,,,,,,,,,yes,yes,yes,yes,yes,no,Price: 205USD,,,,,,,5,,,,,
AST-0091,IMG_4028.HEIC,IMG_4028.HEIC,assets/raw/IMG_4028.HEIC,image,heic,Local,,2026-04-03,imported,unknown,unknown,unknown,,,,,,,,,,,,yes,yes,yes,yes,yes,no,,,,,,,,5,,,,,
AST-0092,IMG_4029.MOV,raw-bone-straight-24in-ombre-bundles-75usd-7.mov,assets/processed/raw-bone-straight-24in-ombre-bundles-75usd-7.mov,video,mov,Local,,2026-04-03,processed,unknown,bundle,bone_straight,24,,,,,,,,,,,yes,yes,yes,yes,yes,no,Price: 75USD,,,,,,,5,,,,,
AST-0093,IMG_4031.HEIC,virgin-straight-20in-burgundy-bundles-51usd.jpg,assets/processed/virgin-straight-20in-burgundy-bundles-51usd.jpg,image,heic,Local,,2026-04-03,processed,unknown,bundle,virgin_straight,20,,,,,,,,,,,yes,yes,yes,yes,yes,no,Price: 51USD,,,,,,,5,,,,,
AST-0094,IMG_4036.MOV,virgin-straight-20in-burgundy-bundles-51usd-3.mov,assets/processed/virgin-straight-20in-burgundy-bundles-51usd-3.mov,video,mov,Local,,2026-04-03,processed,unknown,bundle,virgin_straight,20,,,,,,,,,,,yes,yes,yes,yes,yes,no,Price: 51USD,,,,,,,5,,,,,
AST-0095,IMG_4038.HEIC,virgin-straight-22in-blonde-bundles-55usd-2.jpg,assets/processed/virgin-straight-22in-blonde-bundles-55usd-2.jpg,image,heic,Local,,2026-04-03,processed,unknown,bundle,virgin_straight,22,,,,,,,,,,,yes,yes,yes,yes,yes,no,Price: 55USD,,,,,,,5,,,,,
AST-0096,IMG_4039.HEIC,virgin-straight-22in-blonde-bundles-55usd.jpg,assets/processed/virgin-straight-22in-blonde-bundles-55usd.jpg,image,heic,Local,,2026-04-03,processed,unknown,bundle,virgin_straight,22,,,,,,,,,,,yes,yes,yes,yes,yes,no,Price: 55USD,,,,,,,5,,,,,
AST-0097,IMG_4157.HEIC,IMG_4157.HEIC,assets/raw/IMG_4157.HEIC,image,heic,Local,,2026-04-03,imported,unknown,unknown,unknown,,,,,,,,,,,,yes,yes,yes,yes,yes,no,,,,,,,,5,,,,,
AST-0098,IMG_4160.MOV,raw-body-wave-18in-bundles-102usd-3.mov,assets/processed/raw-body-wave-18in-bundles-102usd-3.mov,video,mov,Local,,2026-04-03,processed,unknown,bundle,body_wave,18,,,,,,,,,,,yes,yes,yes,yes,yes,no,Price: 102USD,,,,,,,5,,,,,
AST-0099,IMG_4161.HEIC,raw-body-wave-18in-bundles-102usd.jpg,assets/processed/raw-body-wave-18in-bundles-102usd.jpg,image,heic,Local,,2026-04-03,processed,unknown,bundle,body_wave,18,,,,,,,,,,,yes,yes,yes,yes,yes,no,Price: 102USD,,,,,,,5,,,,,
AST-0100,IMG_4164.HEIC,raw-body-wave-18in-bundles-closure-155usd-2.jpg,assets/processed/raw-body-wave-18in-bundles-closure-155usd-2.jpg,image,heic,Local,,2026-04-03,processed,unknown,bundle,body_wave,18,,,,,,,,,,,yes,yes,yes,yes,yes,no,Price: 155USD,,,,,,,5,,,,,
AST-0101,IMG_4174.HEIC,raw-bone-straight-18in-closure-30usd.jpg,assets/processed/raw-bone-straight-18in-closure-30usd.jpg,image,heic,Local,,2026-04-03,processed,unknown,closure,bone_straight,18,,,,,,,,,,,yes,yes,yes,yes,yes,no,Price: 30USD,,,,,,,5,,,,,
AST-0102,IMG_4176.HEIC,raw-bone-straight-18in-closure-30usd-2.jpg,assets/processed/raw-bone-straight-18in-closure-30usd-2.jpg,image,heic,Local,,2026-04-03,processed,unknown,closure,bone_straight,18,,,,,,,,,,,yes,yes,yes,yes,yes,no,Price: 30USD,,,,,,,5,,,,,
AST-0103,IMG_4178.HEIC,IMG_4178.HEIC,assets/raw/IMG_4178.HEIC,image,heic,Local,,2026-04-03,imported,unknown,unknown,unknown,,,,,,,,,,,,yes,yes,yes,yes,yes,no,,,,,,,,5,,,,,
AST-0104,IMG_4179.MOV,raw-bone-straight-18in-closure-30usd-3.mov,assets/processed/raw-bone-straight-18in-closure-30usd-3.mov,video,mov,Local,,2026-04-03,processed,unknown,closure,bone_straight,18,,,,,,,,,,,yes,yes,yes,yes,yes,no,Price: 30USD,,,,,,,5,,,,,
AST-0105,IMG_4182.HEIC,IMG_4182.HEIC,assets/raw/IMG_4182.HEIC,image,heic,Local,,2026-04-03,imported,unknown,unknown,unknown,,,,,,,,,,,,yes,yes,yes,yes,yes,no,,,,,,,,5,,,,,
AST-0106,IMG_4195.MOV,raw-bone-straight-18in-highlight-bundles-60usd-4.mov,assets/processed/raw-bone-straight-18in-highlight-bundles-60usd-4.mov,video,mov,Local,,2026-04-03,processed,unknown,bundle,bone_straight,18,,,,,,,,,,,yes,yes,yes,yes,yes,no,Price: 60USD,,,,,,,5,,,,,
AST-0107,IMG_4207.HEIC,raw-bone-straight-24in-5x5-brown-wig-262usd.jpg,assets/processed/raw-bone-straight-24in-5x5-brown-wig-262usd.jpg,image,heic,Local,,2026-04-03,processed,unknown,wig,bone_straight,24,,,,,,,,,,,yes,yes,yes,yes,yes,no,Price: 262USD,,,,,,,5,,,,,
AST-0108,IMG_4210.MOV,virgin-straight-22in-13x4-burgundy-wig-233usd-3.mov,assets/processed/virgin-straight-22in-13x4-burgundy-wig-233usd-3.mov,video,mov,Local,,2026-04-03,processed,unknown,wig,virgin_straight,22,,,,,,,,,,,yes,yes,yes,yes,yes,no,Price: 233USD,,,,,,,5,,,,,
AST-0109,IMG_4212.HEIC,virgin-straight-22in-13x4-burgundy-wig-233usd.jpg,assets/processed/virgin-straight-22in-13x4-burgundy-wig-233usd.jpg,image,heic,Local,,2026-04-03,processed,unknown,wig,virgin_straight,22,,,,,,,,,,,yes,yes,yes,yes,yes,no,Price: 233USD,,,,,,,5,,,,,
AST-0110,IMG_4213.MOV,virgin-straight-22in-13x4-burgundy-wig-233usd-4.mov,assets/processed/virgin-straight-22in-13x4-burgundy-wig-233usd-4.mov,video,mov,Local,,2026-04-03,processed,unknown,wig,virgin_straight,22,,,,,,,,,,,yes,yes,yes,yes,yes,no,Price: 233USD,,,,,,,5,,,,,
AST-0111,IMG_4214.HEIC,virgin-straight-22in-13x4-burgundy-wig-233usd-2.jpg,assets/processed/virgin-straight-22in-13x4-burgundy-wig-233usd-2.jpg,image,heic,Local,,2026-04-03,processed,unknown,wig,virgin_straight,22,,,,,,,,,,,yes,yes,yes,yes,yes,no,Price: 233USD,,,,,,,5,,,,,
AST-0112,IMG_4218.HEIC,raw-bone-straight-24in-5x5-brown-wig-262usd-8.jpg,assets/processed/raw-bone-straight-24in-5x5-brown-wig-262usd-8.jpg,image,heic,Local,,2026-04-03,processed,unknown,wig,bone_straight,24,,,,,,,,,,,yes,yes,yes,yes,yes,no,Price: 262USD,,,,,,,5,,,,,
AST-0113,IMG_4222.HEIC,raw-bone-straight-24in-5x5-brown-wig-262usd-2.jpg,assets/processed/raw-bone-straight-24in-5x5-brown-wig-262usd-2.jpg,image,heic,Local,,2026-04-03,processed,unknown,wig,bone_straight,24,,,,,,,,,,,yes,yes,yes,yes,yes,no,Price: 262USD,,,,,,,5,,,,,
AST-0114,IMG_4229.HEIC,IMG_4229.HEIC,assets/raw/IMG_4229.HEIC,image,heic,Local,,2026-04-03,imported,unknown,unknown,unknown,,,,,,,,,,,,yes,yes,yes,yes,yes,no,,,,,,,,5,,,,,
AST-0115,IMG_4230.HEIC,IMG_4230.HEIC,assets/raw/IMG_4230.HEIC,image,heic,Local,,2026-04-03,imported,unknown,unknown,unknown,,,,,,,,,,,,yes,yes,yes,yes,yes,no,,,,,,,,5,,,,,
AST-0116,IMG_4231.MOV,raw-body-wave-20in-5x5-wig-205usd-4.mov,assets/processed/raw-body-wave-20in-5x5-wig-205usd-4.mov,video,mov,Local,,2026-04-03,processed,unknown,wig,body_wave,20,,,,,,,,,,,yes,yes,yes,yes,yes,no,Price: 205USD,,,,,,,5,,,,,
AST-0117,IMG_4305.HEIC,raw-bone-straight-20in-bundles-170usd.jpg,assets/processed/raw-bone-straight-20in-bundles-170usd.jpg,image,heic,Local,,2026-04-03,processed,unknown,bundle,bone_straight,20,,,,,,,,,,,yes,yes,yes,yes,yes,no,Price: 170USD,,,,,,,5,,,,,
AST-0118,IMG_4306.MOV,raw-bone-straight-20in-bundles-128usd-3.mov,assets/processed/raw-bone-straight-20in-bundles-128usd-3.mov,video,mov,Local,,2026-04-03,processed,unknown,bundle,bone_straight,20,,,,,,,,,,,yes,yes,yes,yes,yes,no,Price: 128USD,,,,,,,5,,,,,
AST-0119,IMG_4307.HEIC,IMG_4307.HEIC,assets/raw/IMG_4307.HEIC,image,heic,Local,,2026-04-03,imported,unknown,unknown,unknown,,,,,,,,,,,,yes,yes,yes,yes,yes,no,,,,,,,,5,,,,,
AST-0120,IMG_4309.HEIC,IMG_4309.HEIC,assets/raw/IMG_4309.HEIC,image,heic,Local,,2026-04-03,imported,unknown,unknown,unknown,,,,,,,,,,,,yes,yes,yes,yes,yes,no,,,,,,,,5,,,,,
AST-0121,IMG_4310.MOV,raw-bone-straight-24in-5x5-brown-wig-262usd-12.mov,assets/processed/raw-bone-straight-24in-5x5-brown-wig-262usd-12.mov,video,mov,Local,,2026-04-03,processed,unknown,wig,bone_straight,24,,,,,,,,,,,yes,yes,yes,yes,yes,no,Price: 262USD,,,,,,,5,,,,,
AST-0122,IMG_4312.MOV,raw-bone-straight-20in-bundles-closure-149usd-2.mov,assets/processed/raw-bone-straight-20in-bundles-closure-149usd-2.mov,video,mov,Local,,2026-04-03,processed,unknown,bundle,bone_straight,20,,,,,,,,,,,yes,yes,yes,yes,yes,no,Price: 149USD,,,,,,,5,,,,,
AST-0123,IMG_4314.HEIC,raw-bone-straight-20in-bundles-closure-149usd.jpg,assets/processed/raw-bone-straight-20in-bundles-closure-149usd.jpg,image,heic,Local,,2026-04-03,processed,unknown,bundle,bone_straight,20,,,,,,,,,,,yes,yes,yes,yes,yes,no,Price: 149USD,,,,,,,5,,,,,
AST-0124,IMG_4315.MOV,raw-bone-straight-22in-frontal-42usd-2.mov,assets/processed/raw-bone-straight-22in-frontal-42usd-2.mov,video,mov,Local,,2026-04-03,processed,unknown,frontal,bone_straight,22,,,,,,,,,,,yes,yes,yes,yes,yes,no,Price: 42USD,,,,,,,5,,,,,
AST-0125,IMG_4324.heic,virgin-body-wave-14in-highlight-bob-wig-128usd-2.jpg,assets/processed/virgin-body-wave-14in-highlight-bob-wig-128usd-2.jpg,image,heic,Local,,2026-04-03,processed,unknown,wig,body_wave,14,,,,,,,,,,,yes,yes,yes,yes,yes,no,Price: 128USD,,,,,,,5,,,,,
AST-0126,IMG_4325.heic,virgin-body-wave-14in-highlight-bob-wig-128usd.jpg,assets/processed/virgin-body-wave-14in-highlight-bob-wig-128usd.jpg,image,heic,Local,,2026-04-03,processed,unknown,wig,body_wave,14,,,,,,,,,,,yes,yes,yes,yes,yes,no,Price: 128USD,,,,,,,5,,,,,
AST-0127,IMG_4328.HEIC,raw-bone-straight-20in-frontal-38usd.jpg,assets/processed/raw-bone-straight-20in-frontal-38usd.jpg,image,heic,Local,,2026-04-03,processed,unknown,frontal,bone_straight,20,,,,,,,,,,,yes,yes,yes,yes,yes,no,Price: 38USD,,,,,,,5,,,,,
AST-0128,IMG_4330.MOV,raw-body-wave-20in-5x5-wig-205usd-5.mov,assets/processed/raw-body-wave-20in-5x5-wig-205usd-5.mov,video,mov,Local,,2026-04-03,processed,unknown,wig,body_wave,20,,,,,,,,,,,yes,yes,yes,yes,yes,no,Price: 205USD,,,,,,,5,,,,,
AST-0129,IMG_4332.HEIC,IMG_4332.HEIC,assets/raw/IMG_4332.HEIC,image,heic,Local,,2026-04-03,imported,unknown,unknown,unknown,,,,,,,,,,,,yes,yes,yes,yes,yes,no,,,,,,,,5,,,,,
AST-0130,IMG_5016.HEIC,IMG_5016.HEIC,assets/raw/IMG_5016.HEIC,image,heic,Local,,2026-04-03,imported,unknown,unknown,unknown,,,,,,,,,,,,yes,yes,yes,yes,yes,no,,,,,,,,5,,,,,
AST-0131,IMG_5017.MOV,raw-bone-straight-20in-bundles-128usd-4.mov,assets/processed/raw-bone-straight-20in-bundles-128usd-4.mov,video,mov,Local,,2026-04-03,processed,unknown,bundle,bone_straight,20,,,,,,,,,,,yes,yes,yes,yes,yes,no,Price: 128USD,,,,,,,5,,,,,
AST-0132,IMG_5020.MOV,raw-bone-straight-22in-frontal-42usd-3.mov,assets/processed/raw-bone-straight-22in-frontal-42usd-3.mov,video,mov,Local,,2026-04-03,processed,unknown,frontal,bone_straight,22,,,,,,,,,,,yes,yes,yes,yes,yes,no,Price: 42USD,,,,,,,5,,,,,
AST-0133,IMG_5439.HEIC,raw-bone-straight-22in-frontal-42usd.jpg,assets/processed/raw-bone-straight-22in-frontal-42usd.jpg,image,heic,Local,,2026-04-03,processed,unknown,frontal,bone_straight,22,,,,,,,,,,,yes,yes,yes,yes,yes,no,Price: 42USD,,,,,,,5,,,,,
AST-0134,IMG_5657.MOV,raw-bone-straight-22in-frontal-42usd-4.mov,assets/processed/raw-bone-straight-22in-frontal-42usd-4.mov,video,mov,Local,,2026-04-03,processed,unknown,frontal,bone_straight,22,,,,,,,,,,,yes,yes,yes,yes,yes,no,Price: 42USD,,,,,,,5,,,,,
AST-0135,IMG_5658.HEIC,IMG_5658.HEIC,assets/raw/IMG_5658.HEIC,image,heic,Local,,2026-04-03,imported,unknown,unknown,unknown,,,,,,,,,,,,yes,yes,yes,yes,yes,no,,,,,,,,5,,,,,
AST-0136,IMG_5662.MOV,raw-bone-straight-22in-frontal-42usd-5.mov,assets/processed/raw-bone-straight-22in-frontal-42usd-5.mov,video,mov,Local,,2026-04-03,processed,unknown,frontal,bone_straight,22,,,,,,,,,,,yes,yes,yes,yes,yes,no,Price: 42USD,,,,,,,5,,,,,
AST-0137,IMG_5663.MOV,raw-bone-straight-22in-frontal-42usd-6.mov,assets/processed/raw-bone-straight-22in-frontal-42usd-6.mov,video,mov,Local,,2026-04-03,processed,unknown,frontal,bone_straight,22,,,,,,,,,,,yes,yes,yes,yes,yes,no,Price: 42USD,,,,,,,5,,,,,
AST-0138,IMG_7853.HEIC,virgin-body-wave-14in-red-black-wig-128usd.jpg,assets/processed/virgin-body-wave-14in-red-black-wig-128usd.jpg,image,heic,Local,,2026-04-03,processed,unknown,wig,body_wave,14,,,,,,,,,,,yes,yes,yes,yes,yes,no,Price: 128USD,,,,,,,5,,,,,
AST-0139,IMG_7860.HEIC,virgin-body-wave-14in-red-black-wig-128usd-2.jpg,assets/processed/virgin-body-wave-14in-red-black-wig-128usd-2.jpg,image,heic,Local,,2026-04-03,processed,unknown,wig,body_wave,14,,,,,,,,,,,yes,yes,yes,yes,yes,no,Price: 128USD,,,,,,,5,,,,,
AST-0140,IMG_7861.HEIC,virgin-body-wave-14in-red-black-wig-128usd-4.jpg,assets/processed/virgin-body-wave-14in-red-black-wig-128usd-4.jpg,image,heic,Local,,2026-04-03,processed,unknown,wig,body_wave,14,,,,,,,,,,,yes,yes,yes,yes,yes,no,Price: 128USD,,,,,,,5,,,,,
AST-0141,IMG_7863.HEIC,virgin-body-wave-14in-red-black-wig-128usd-3.jpg,assets/processed/virgin-body-wave-14in-red-black-wig-128usd-3.jpg,image,heic,Local,,2026-04-03,processed,unknown,wig,body_wave,14,,,,,,,,,,,yes,yes,yes,yes,yes,no,Price: 128USD,,,,,,,5,,,,,
AST-0142,IMG_7864.HEIC,IMG_7864.HEIC,assets/raw/IMG_7864.HEIC,image,heic,Local,,2026-04-03,imported,unknown,unknown,unknown,,,,,,,,,,,,yes,yes,yes,yes,yes,no,,,,,,,,5,,,,,
AST-0143,IMG_7868.HEIC,IMG_7868.HEIC,assets/raw/IMG_7868.HEIC,image,heic,Local,,2026-04-03,imported,unknown,unknown,unknown,,,,,,,,,,,,yes,yes,yes,yes,yes,no,,,,,,,,5,,,,,
AST-0144,cca3526c-1ca5-435b-b821-cc6e1914a6bf.jpg,raw-body-wave-18in-bundles-closure-155usd.jpg,assets/processed/raw-body-wave-18in-bundles-closure-155usd.jpg,image,jpg,Local,,2026-04-03,processed,unknown,bundle,body_wave,18,,,,,,,,,,,yes,yes,yes,yes,yes,no,Price: 155USD,,,,,,,5,,,,,
AST-0145,d6a416d3-76de-4d9a-8e47-0b65328f4825.jpg,d6a416d3-76de-4d9a-8e47-0b65328f4825.jpg,assets/raw/d6a416d3-76de-4d9a-8e47-0b65328f4825.jpg,image,jpg,Local,,2026-04-03,imported,unknown,unknown,unknown,,,,,,,,,,,,yes,yes,yes,yes,yes,no,,,,,,,,5,,,,,
raw-body-wave-22in-5x5-wig-220usd.jpg,Raw Body Wave Wig 22 Inch 5x5,SKU-BW-WIG-22,Raw,Body Wave,22,Wig,5x5,259.0,220.0,,,,,,,,,,,,,,,,,,,,,,,,,,,,,,,,,
raw-deep-wave-18in-bundle-40usd.jpg,Raw Deep Wave Bundle 18 Inch,SKU-DW-BDL-18,Raw,Deep Wave,18,Bundle,N/A,47.0,40.0,,,,,,,,,,,,,,,,,,,,,,,,,,,,,,,,,
AST-0146,IMG_0225.jpg,raw-bone-straight-26in-13x4-wig-372usd.jpg,assets/processed/raw-bone-straight-26in-13x4-wig-372usd.jpg,image,jpg,Local,,2026-04-03,processed,,wig,bone_straight,26,,,,,,,,,,,yes,yes,yes,yes,no,no,Price: 372USD,,,,,,,5,,,,,
AST-0147,IMG_0353.jpg,virgin-straight-assorted-bundles-48usd.jpg,assets/processed/virgin-straight-assorted-bundles-48usd.jpg,image,jpg,Local,,2026-04-03,processed,,bundle,virgin_straight,,,,,,,,,,,,yes,yes,yes,yes,no,no,Price: 48USD,,,,,,,5,,,,,
AST-0148,IMG_0354.jpg,virgin-straight-assorted-bundles-48usd-2.jpg,assets/processed/virgin-straight-assorted-bundles-48usd-2.jpg,image,jpg,Local,,2026-04-03,processed,,bundle,virgin_straight,,,,,,,,,,,,yes,yes,yes,yes,no,no,Price: 48USD,,,,,,,5,,,,,
AST-0149,IMG_0355.jpg,virgin-straight-14in-bundles-48usd-2.jpg,assets/processed/virgin-straight-14in-bundles-48usd-2.jpg,image,jpg,Local,,2026-04-03,processed,,bundle,virgin_straight,14,,,,,,,,,,,yes,yes,yes,yes,no,no,Price: 48USD,,,,,,,5,,,,,
AST-0150,IMG_0356.jpg,virgin-straight-assorted-bundles-48usd-3.jpg,assets/processed/virgin-straight-assorted-bundles-48usd-3.jpg,image,jpg,Local,,2026-04-03,processed,,bundle,virgin_straight,,,,,,,,,,,,yes,yes,yes,yes,no,no,Price: 48USD,,,,,,,5,,,,,
AST-0151,IMG_0385.jpg,raw-bone-straight-24in-13x4-piano-wig-340usd-3.jpg,assets/processed/raw-bone-straight-24in-13x4-piano-wig-340usd-3.jpg,image,jpg,Local,,2026-04-03,processed,,wig,bone_straight,24,,,,,,,,,,,yes,yes,yes,yes,no,no,Price: 340USD,,,,,,,5,,,,,
AST-0152,IMG_0387.jpg,raw-bone-straight-24in-13x4-piano-wig-340usd-2.jpg,assets/processed/raw-bone-straight-24in-13x4-piano-wig-340usd-2.jpg,image,jpg,Local,,2026-04-03,processed,,wig,bone_straight,24,,,,,,,,,,,yes,yes,yes,yes,no,no,Price: 340USD,,,,,,,5,,,,,
AST-0153,IMG_0401.jpg,raw-bone-straight-24in-5x5-brown-wig-262usd-3.jpg,assets/processed/raw-bone-straight-24in-5x5-brown-wig-262usd-3.jpg,image,jpg,Local,,2026-04-03,processed,,wig,bone_straight,24,,,,,,,,,,,yes,yes,yes,yes,no,no,Price: 262USD,,,,,,,5,,,,,
AST-0154,IMG_0402.jpg,raw-bone-straight-24in-5x5-brown-wig-262usd-4.jpg,assets/processed/raw-bone-straight-24in-5x5-brown-wig-262usd-4.jpg,image,jpg,Local,,2026-04-03,processed,,wig,bone_straight,24,,,,,,,,,,,yes,yes,yes,yes,no,no,Price: 262USD,,,,,,,5,,,,,
AST-0155,IMG_1077.jpg,raw-deep-wave-18in-bundles-40usd.jpg,assets/processed/raw-deep-wave-18in-bundles-40usd.jpg,image,jpg,Local,,2026-04-03,processed,,bundle,deep_wave,18,,,,,,,,,,,yes,yes,yes,yes,no,no,Price: 40USD,,,,,,,5,,,,,
AST-0156,IMG_1351.jpg,raw-bone-straight-22in-5x5-wig-pair-259usd.jpg,assets/processed/raw-bone-straight-22in-5x5-wig-pair-259usd.jpg,image,jpg,Local,,2026-04-03,processed,,wig,bone_straight,22,,,,,,,,,,,yes,yes,yes,yes,no,no,Price: 259USD,,,,,,,5,,,,,
AST-0157,IMG_1352.jpg,raw-bone-straight-22in-5x5-wig-259usd.jpg,assets/processed/raw-bone-straight-22in-5x5-wig-259usd.jpg,image,jpg,Local,,2026-04-03,processed,,wig,bone_straight,22,,,,,,,,,,,yes,yes,yes,yes,no,no,Price: 259USD,,,,,,,5,,,,,
AST-0158,IMG_1480.jpg,virgin-body-wave-14in-copper-bundles-66usd.jpg,assets/processed/virgin-body-wave-14in-copper-bundles-66usd.jpg,image,jpg,Local,,2026-04-03,processed,,bundle,body_wave,14,,,,,,,,,,,yes,yes,yes,yes,no,no,Price: 66USD,,,,,,,5,,,,,
AST-0159,IMG_1675.jpg,raw-body-wave-22in-5x5-wig-220usd-2.jpg,assets/processed/raw-body-wave-22in-5x5-wig-220usd-2.jpg,image,jpg,Local,,2026-04-03,processed,,wig,body_wave,22,,,,,,,,,,,yes,yes,yes,yes,no,no,Price: 220USD,,,,,,,5,,,,,
AST-0160,IMG_1677.jpg,raw-bone-straight-18in-5x5-honey-wig-235usd.jpg,assets/processed/raw-bone-straight-18in-5x5-honey-wig-235usd.jpg,image,jpg,Local,,2026-04-03,processed,,wig,bone_straight,18,,,,,,,,,,,yes,yes,yes,yes,no,no,Price: 235USD,,,,,,,5,,,,,
AST-0161,IMG_1724.jpg,raw-bone-straight-22in-13x4-wig-289usd.jpg,assets/processed/raw-bone-straight-22in-13x4-wig-289usd.jpg,image,jpg,Local,,2026-04-03,processed,,wig,bone_straight,22,,,,,,,,,,,yes,yes,yes,yes,no,no,Price: 289USD,,,,,,,5,,,,,
AST-0162,IMG_1729.jpg,raw-bone-straight-24in-5x5-brown-wig-262usd-5.jpg,assets/processed/raw-bone-straight-24in-5x5-brown-wig-262usd-5.jpg,image,jpg,Local,,2026-04-03,processed,,wig,bone_straight,24,,,,,,,,,,,yes,yes,yes,yes,no,no,Price: 262USD,,,,,,,5,,,,,
AST-0163,IMG_1730.jpg,raw-bone-straight-24in-5x5-brown-wig-262usd-6.jpg,assets/processed/raw-bone-straight-24in-5x5-brown-wig-262usd-6.jpg,image,jpg,Local,,2026-04-03,processed,,wig,bone_straight,24,,,,,,,,,,,yes,yes,yes,yes,no,no,Price: 262USD,,,,,,,5,,,,,
AST-0164,IMG_1731.jpg,raw-bone-straight-22in-5x5-wig-top-259usd.jpg,assets/processed/raw-bone-straight-22in-5x5-wig-top-259usd.jpg,image,jpg,Local,,2026-04-03,processed,,wig,bone_straight,22,,,,,,,,,,,yes,yes,yes,yes,no,no,Price: 259USD,,,,,,,5,,,,,
AST-0165,IMG_1732.jpg,raw-bone-straight-24in-5x5-brown-wig-262usd-7.jpg,assets/processed/raw-bone-straight-24in-5x5-brown-wig-262usd-7.jpg,image,jpg,Local,,2026-04-03,processed,,wig,bone_straight,24,,,,,,,,,,,yes,yes,yes,yes,no,no,Price: 262USD,,,,,,,5,,,,,
AST-0166,IMG_1751.jpg,raw-bone-straight-24in-ombre-bundles-75usd.jpg,assets/processed/raw-bone-straight-24in-ombre-bundles-75usd.jpg,image,jpg,Local,,2026-04-03,processed,,bundle,bone_straight,24,,,,,,,,,,,yes,yes,yes,yes,no,no,Price: 75USD,,,,,,,5,,,,,
AST-0167,IMG_1752.jpg,raw-bone-straight-24in-ombre-bundles-75usd-3.jpg,assets/processed/raw-bone-straight-24in-ombre-bundles-75usd-3.jpg,image,jpg,Local,,2026-04-03,processed,,bundle,bone_straight,24,,,,,,,,,,,yes,yes,yes,yes,no,no,Price: 75USD,,,,,,,5,,,,,
AST-0168,IMG_1760.jpg,raw-bone-straight-18in-highlight-bundles-60usd-2.jpg,assets/processed/raw-bone-straight-18in-highlight-bundles-60usd-2.jpg,image,jpg,Local,,2026-04-03,processed,,bundle,bone_straight,18,,,,,,,,,,,yes,yes,yes,yes,no,no,Price: 60USD,,,,,,,5,,,,,
AST-0169,IMG_1761.jpg,raw-bone-straight-18in-highlight-bundles-60usd.jpg,assets/processed/raw-bone-straight-18in-highlight-bundles-60usd.jpg,image,jpg,Local,,2026-04-03,processed,,bundle,bone_straight,18,,,,,,,,,,,yes,yes,yes,yes,no,no,Price: 60USD,,,,,,,5,,,,,
AST-0170,IMG_1865.jpg,raw-bone-straight-20in-bundles-128usd.jpg,assets/processed/raw-bone-straight-20in-bundles-128usd.jpg,image,jpg,Local,,2026-04-03,processed,,bundle,bone_straight,20,,,,,,,,,,,yes,yes,yes,yes,no,no,Price: 128USD,,,,,,,5,,,,,
AST-0171,IMG_1866.jpg,raw-body-wave-18in-bundle-40usd-2.jpg,assets/processed/raw-body-wave-18in-bundle-40usd-2.jpg,image,jpg,Local,,2026-04-03,processed,,bundle,body_wave,18,,,,,,,,,,,yes,yes,yes,yes,no,no,Price: 40USD,,,,,,,5,,,,,
AST-0172,IMG_1872.jpg,raw-body-wave-24in-13x4-highlight-wig-289usd.jpg,assets/processed/raw-body-wave-24in-13x4-highlight-wig-289usd.jpg,image,jpg,Local,,2026-04-03,processed,,wig,body_wave,24,,,,,,,,,,,yes,yes,yes,yes,no,no,Price: 289USD,,,,,,,5,,,,,
AST-0173,IMG_1873.jpg,raw-body-wave-24in-13x4-highlight-wig-289usd-2.jpg,assets/processed/raw-body-wave-24in-13x4-highlight-wig-289usd-2.jpg,image,jpg,Local,,2026-04-03,processed,,wig,body_wave,24,,,,,,,,,,,yes,yes,yes,yes,no,no,Price: 289USD,,,,,,,5,,,,,
AST-0174,IMG_1876.jpg,raw-body-wave-24in-13x4-highlight-wig-289usd-3.jpg,assets/processed/raw-body-wave-24in-13x4-highlight-wig-289usd-3.jpg,image,jpg,Local,,2026-04-03,processed,,wig,body_wave,24,,,,,,,,,,,yes,yes,yes,yes,no,no,Price: 289USD,,,,,,,5,,,,,
AST-0175,IMG_1879.jpg,raw-deep-wave-18in-5x5-wig-186usd-3.jpg,assets/processed/raw-deep-wave-18in-5x5-wig-186usd-3.jpg,image,jpg,Local,,2026-04-03,processed,,wig,deep_wave,18,,,,,,,,,,,yes,yes,yes,yes,no,no,Price: 186USD,,,,,,,5,,,,,
AST-0176,IMG_1987.jpg,virgin-straight-22in-platinum-bundles-55usd-3.jpg,assets/processed/virgin-straight-22in-platinum-bundles-55usd-3.jpg,image,jpg,Local,,2026-04-03,processed,,bundle,virgin_straight,22,,,,,,,,,,,yes,yes,yes,yes,no,no,Price: 55USD,,,,,,,5,,,,,
AST-0177,IMG_2001.jpg,virgin-straight-22in-platinum-bundles-55usd.jpg,assets/processed/virgin-straight-22in-platinum-bundles-55usd.jpg,image,jpg,Local,,2026-04-03,processed,,bundle,virgin_straight,22,,,,,,,,,,,yes,yes,yes,yes,no,no,Price: 55USD,,,,,,,5,,,,,
AST-0178,IMG_2002.jpg,virgin-straight-22in-platinum-bundles-55usd-2.jpg,assets/processed/virgin-straight-22in-platinum-bundles-55usd-2.jpg,image,jpg,Local,,2026-04-03,processed,,bundle,virgin_straight,22,,,,,,,,,,,yes,yes,yes,yes,no,no,Price: 55USD,,,,,,,5,,,,,
AST-0179,IMG_2010.jpg,virgin-straight-20in-blonde-bundles-51usd.jpg,assets/processed/virgin-straight-20in-blonde-bundles-51usd.jpg,image,jpg,Local,,2026-04-03,processed,,bundle,virgin_straight,20,,,,,,,,,,,yes,yes,yes,yes,no,no,Price: 51USD,,,,,,,5,,,,,
AST-0180,IMG_2526.jpg,virgin-straight-12in-5x5-blonde-bob-wig-101usd.jpg,assets/processed/virgin-straight-12in-5x5-blonde-bob-wig-101usd.jpg,image,jpg,Local,,2026-04-03,processed,,wig,virgin_straight,12,,,,,,,,,,,yes,yes,yes,yes,no,no,Price: 101USD,,,,,,,5,,,,,
AST-0181,IMG_3303.jpg,raw-body-wave-20in-5x5-wig-205usd.jpg,assets/processed/raw-body-wave-20in-5x5-wig-205usd.jpg,image,jpg,Local,,2026-04-03,processed,,wig,body_wave,20,,,,,,,,,,,yes,yes,yes,yes,no,no,Price: 205USD,,,,,,,5,,,,,
AST-0182,IMG_3803.jpg,raw-deep-wave-18in-bundle-40usd-3.jpg,assets/processed/raw-deep-wave-18in-bundle-40usd-3.jpg,image,jpg,Local,,2026-04-03,processed,,bundle,deep_wave,18,,,,,,,,,,,yes,yes,yes,yes,no,no,Price: 40USD,,,,,,,5,,,,,
AST-0183,IMG_3916.jpg,raw-deep-wave-18in-bundles-102usd.jpg,assets/processed/raw-deep-wave-18in-bundles-102usd.jpg,image,jpg,Local,,2026-04-03,processed,,bundle,deep_wave,18,,,,,,,,,,,yes,yes,yes,yes,no,no,Price: 102USD,,,,,,,5,,,,,
AST-0184,IMG_3918.jpg,raw-deep-wave-18in-5x5-wig-top-186usd.jpg,assets/processed/raw-deep-wave-18in-5x5-wig-top-186usd.jpg,image,jpg,Local,,2026-04-03,processed,,wig,deep_wave,18,,,,,,,,,,,yes,yes,yes,yes,no,no,Price: 186USD,,,,,,,5,,,,,
AST-0185,IMG_3919.jpg,raw-deep-wave-18in-5x5-wig-top-186usd-2.jpg,assets/processed/raw-deep-wave-18in-5x5-wig-top-186usd-2.jpg,image,jpg,Local,,2026-04-03,processed,,wig,deep_wave,18,,,,,,,,,,,yes,yes,yes,yes,no,no,Price: 186USD,,,,,,,5,,,,,
AST-0186,IMG_4031.jpg,virgin-straight-20in-burgundy-bundles-51usd.jpg,assets/processed/virgin-straight-20in-burgundy-bundles-51usd.jpg,image,jpg,Local,,2026-04-03,processed,,bundle,virgin_straight,20,,,,,,,,,,,yes,yes,yes,yes,no,no,Price: 51USD,,,,,,,5,,,,,
AST-0187,IMG_4038.jpg,virgin-straight-22in-blonde-bundles-55usd-2.jpg,assets/processed/virgin-straight-22in-blonde-bundles-55usd-2.jpg,image,jpg,Local,,2026-04-03,processed,,bundle,virgin_straight,22,,,,,,,,,,,yes,yes,yes,yes,no,no,Price: 55USD,,,,,,,5,,,,,
AST-0188,IMG_4039.jpg,virgin-straight-22in-blonde-bundles-55usd.jpg,assets/processed/virgin-straight-22in-blonde-bundles-55usd.jpg,image,jpg,Local,,2026-04-03,processed,,bundle,virgin_straight,22,,,,,,,,,,,yes,yes,yes,yes,no,no,Price: 55USD,,,,,,,5,,,,,
AST-0189,IMG_4161.jpg,raw-body-wave-18in-bundles-102usd.jpg,assets/processed/raw-body-wave-18in-bundles-102usd.jpg,image,jpg,Local,,2026-04-03,processed,,bundle,body_wave,18,,,,,,,,,,,yes,yes,yes,yes,no,no,Price: 102USD,,,,,,,5,,,,,
AST-0190,IMG_4164.jpg,raw-body-wave-18in-bundles-closure-155usd-2.jpg,assets/processed/raw-body-wave-18in-bundles-closure-155usd-2.jpg,image,jpg,Local,,2026-04-03,processed,,bundle,body_wave,18,,,,,,,,,,,yes,yes,yes,yes,no,no,Price: 155USD,,,,,,,5,,,,,
AST-0191,IMG_4174.jpg,raw-bone-straight-18in-closure-30usd.jpg,assets/processed/raw-bone-straight-18in-closure-30usd.jpg,image,jpg,Local,,2026-04-03,processed,,closure,bone_straight,18,,,,,,,,,,,yes,yes,yes,yes,no,no,Price: 30USD,,,,,,,5,,,,,
AST-0192,IMG_4176.jpg,raw-bone-straight-18in-closure-30usd-2.jpg,assets/processed/raw-bone-straight-18in-closure-30usd-2.jpg,image,jpg,Local,,2026-04-03,processed,,closure,bone_straight,18,,,,,,,,,,,yes,yes,yes,yes,no,no,Price: 30USD,,,,,,,5,,,,,
AST-0193,IMG_4207.jpg,raw-bone-straight-24in-5x5-brown-wig-262usd.jpg,assets/processed/raw-bone-straight-24in-5x5-brown-wig-262usd.jpg,image,jpg,Local,,2026-04-03,processed,,wig,bone_straight,24,,,,,,,,,,,yes,yes,yes,yes,no,no,Price: 262USD,,,,,,,5,,,,,
AST-0194,IMG_4212.jpg,virgin-straight-22in-13x4-burgundy-wig-233usd.jpg,assets/processed/virgin-straight-22in-13x4-burgundy-wig-233usd.jpg,image,jpg,Local,,2026-04-03,processed,,wig,virgin_straight,22,,,,,,,,,,,yes,yes,yes,yes,no,no,Price: 233USD,,,,,,,5,,,,,
AST-0195,IMG_4214.jpg,virgin-straight-22in-13x4-burgundy-wig-233usd-2.jpg,assets/processed/virgin-straight-22in-13x4-burgundy-wig-233usd-2.jpg,image,jpg,Local,,2026-04-03,processed,,wig,virgin_straight,22,,,,,,,,,,,yes,yes,yes,yes,no,no,Price: 233USD,,,,,,,5,,,,,
AST-0196,IMG_4218.jpg,raw-bone-straight-24in-5x5-brown-wig-262usd-8.jpg,assets/processed/raw-bone-straight-24in-5x5-brown-wig-262usd-8.jpg,image,jpg,Local,,2026-04-03,processed,,wig,bone_straight,24,,,,,,,,,,,yes,yes,yes,yes,no,no,Price: 262USD,,,,,,,5,,,,,
AST-0197,IMG_4222.jpg,raw-bone-straight-24in-5x5-brown-wig-262usd-2.jpg,assets/processed/raw-bone-straight-24in-5x5-brown-wig-262usd-2.jpg,image,jpg,Local,,2026-04-03,processed,,wig,bone_straight,24,,,,,,,,,,,yes,yes,yes,yes,no,no,Price: 262USD,,,,,,,5,,,,,
AST-0198,IMG_4305.jpg,raw-bone-straight-20in-bundles-170usd.jpg,assets/processed/raw-bone-straight-20in-bundles-170usd.jpg,image,jpg,Local,,2026-04-03,processed,,bundle,bone_straight,20,,,,,,,,,,,yes,yes,yes,yes,no,no,Price: 170USD,,,,,,,5,,,,,
AST-0199,IMG_4314.jpg,raw-bone-straight-20in-bundles-closure-149usd.jpg,assets/processed/raw-bone-straight-20in-bundles-closure-149usd.jpg,image,jpg,Local,,2026-04-03,processed,,bundle,bone_straight,20,,,,,,,,,,,yes,yes,yes,yes,no,no,Price: 149USD,,,,,,,5,,,,,
AST-0200,IMG_4324.jpg,virgin-body-wave-14in-highlight-bob-wig-128usd-2.jpg,assets/processed/virgin-body-wave-14in-highlight-bob-wig-128usd-2.jpg,image,jpg,Local,,2026-04-03,processed,,wig,body_wave,14,,,,,,,,,,,yes,yes,yes,yes,no,no,Price: 128USD,,,,,,,5,,,,,
AST-0201,IMG_4325.jpg,virgin-body-wave-14in-highlight-bob-wig-128usd.jpg,assets/processed/virgin-body-wave-14in-highlight-bob-wig-128usd.jpg,image,jpg,Local,,2026-04-03,processed,,wig,body_wave,14,,,,,,,,,,,yes,yes,yes,yes,no,no,Price: 128USD,,,,,,,5,,,,,
AST-0202,IMG_4328.jpg,raw-bone-straight-20in-frontal-38usd.jpg,assets/processed/raw-bone-straight-20in-frontal-38usd.jpg,image,jpg,Local,,2026-04-03,processed,,frontal,bone_straight,20,,,,,,,,,,,yes,yes,yes,yes,no,no,Price: 38USD,,,,,,,5,,,,,
AST-0203,IMG_5439.jpg,raw-bone-straight-22in-frontal-42usd.jpg,assets/processed/raw-bone-straight-22in-frontal-42usd.jpg,image,jpg,Local,,2026-04-03,processed,,frontal,bone_straight,22,,,,,,,,,,,yes,yes,yes,yes,no,no,Price: 42USD,,,,,,,5,,,,,
AST-0204,IMG_7853.jpg,virgin-body-wave-14in-red-black-wig-128usd.jpg,assets/processed/virgin-body-wave-14in-red-black-wig-128usd.jpg,image,jpg,Local,,2026-04-03,processed,,wig,body_wave,14,,,,,,,,,,,yes,yes,yes,yes,no,no,Price: 128USD,,,,,,,5,,,,,
AST-0205,IMG_7860.jpg,virgin-body-wave-14in-red-black-wig-128usd-2.jpg,assets/processed/virgin-body-wave-14in-red-black-wig-128usd-2.jpg,image,jpg,Local,,2026-04-03,processed,,wig,body_wave,14,,,,,,,,,,,yes,yes,yes,yes,no,no,Price: 128USD,,,,,,,5,,,,,
AST-0206,IMG_7861.jpg,virgin-body-wave-14in-red-black-wig-128usd-4.jpg,assets/processed/virgin-body-wave-14in-red-black-wig-128usd-4.jpg,image,jpg,Local,,2026-04-03,processed,,wig,body_wave,14,,,,,,,,,,,yes,yes,yes,yes,no,no,Price: 128USD,,,,,,,5,,,,,
AST-0207,IMG_7863.jpg,virgin-body-wave-14in-red-black-wig-128usd-3.jpg,assets/processed/virgin-body-wave-14in-red-black-wig-128usd-3.jpg,image,jpg,Local,,2026-04-03,processed,,wig,body_wave,14,,,,,,,,,,,yes,yes,yes,yes,no,no,Price: 128USD,,,,,,,5,,,,,
AST-0208,insta-ads/IMG_1675.jpeg,raw-body-wave-22in-5x5-wig-220usd-2.jpg,assets/processed/raw-body-wave-22in-5x5-wig-220usd-2.jpg,image,jpg,Local,,2026-04-03,processed,,wig,body_wave,22,,,,,,,,,,,yes,yes,yes,yes,no,no,Price: 220USD,,,,,,,5,,,,,
AST-0209,insta-ads/IMG_1729.jpeg,raw-bone-straight-24in-5x5-brown-wig-262usd-5.jpg,assets/processed/raw-bone-straight-24in-5x5-brown-wig-262usd-5.jpg,image,jpg,Local,,2026-04-03,processed,,wig,bone_straight,24,,,,,,,,,,,yes,yes,yes,yes,no,no,Price: 262USD,,,,,,,5,,,,,
AST-0210,insta-ads/IMG_1866.jpeg,raw-body-wave-18in-bundle-40usd-2.jpg,assets/processed/raw-body-wave-18in-bundle-40usd-2.jpg,image,jpg,Local,,2026-04-03,processed,,bundle,body_wave,18,,,,,,,,,,,yes,yes,yes,yes,no,no,Price: 40USD,,,,,,,5,,,,,
AST-0211,insta-ads/IMG_1876.jpeg,raw-body-wave-24in-13x4-highlight-wig-289usd-3.jpg,assets/processed/raw-body-wave-24in-13x4-highlight-wig-289usd-3.jpg,image,jpg,Local,,2026-04-03,processed,,wig,body_wave,24,,,,,,,,,,,yes,yes,yes,yes,no,no,Price: 289USD,,,,,,,5,,,,,
AST-0212,insta-ads/IMG_2526.jpeg,virgin-straight-12in-5x5-blonde-bob-wig-101usd.jpg,assets/processed/virgin-straight-12in-5x5-blonde-bob-wig-101usd.jpg,image,jpg,Local,,2026-04-03,processed,,wig,virgin_straight,12,,,,,,,,,,,yes,yes,yes,yes,no,no,Price: 101USD,,,,,,,5,,,,,
AST-0213,insta-ads/IMG_3803.jpeg,raw-deep-wave-18in-bundle-40usd-3.jpg,assets/processed/raw-deep-wave-18in-bundle-40usd-3.jpg,image,jpg,Local,,2026-04-03,processed,,bundle,deep_wave,18,,,,,,,,,,,yes,yes,yes,yes,no,no,Price: 40USD,,,,,,,5,,,,,
AST-0214,insta-ads/IMG_4031.jpeg,virgin-straight-20in-burgundy-bundles-51usd.jpg,assets/processed/virgin-straight-20in-burgundy-bundles-51usd.jpg,image,jpg,Local,,2026-04-03,processed,,bundle,virgin_straight,20,,,,,,,,,,,yes,yes,yes,yes,no,no,Price: 51USD,,,,,,,5,,,,,
AST-0215,insta-ads/IMG_4212.jpeg,virgin-straight-22in-13x4-burgundy-wig-233usd.jpg,assets/processed/virgin-straight-22in-13x4-burgundy-wig-233usd.jpg,image,jpg,Local,,2026-04-03,processed,,wig,virgin_straight,22,,,,,,,,,,,yes,yes,yes,yes,no,no,Price: 233USD,,,,,,,5,,,,,
AST-0216,insta-ads/IMG_4218.jpeg,raw-bone-straight-24in-5x5-brown-wig-262usd-8.jpg,assets/processed/raw-bone-straight-24in-5x5-brown-wig-262usd-8.jpg,image,jpg,Local,,2026-04-03,processed,,wig,bone_straight,24,,,,,,,,,,,yes,yes,yes,yes,no,no,Price: 262USD,,,,,,,5,,,,,
AST-0217,insta-ads/IMG_4222.jpeg,raw-bone-straight-24in-5x5-brown-wig-262usd-2.jpg,assets/processed/raw-bone-straight-24in-5x5-brown-wig-262usd-2.jpg,image,jpg,Local,,2026-04-03,processed,,wig,bone_straight,24,,,,,,,,,,,yes,yes,yes,yes,no,no,Price: 262USD,,,,,,,5,,,,,
AST-0218,insta-ads/IMG_5439.jpeg,raw-bone-straight-22in-frontal-42usd.jpg,assets/processed/raw-bone-straight-22in-frontal-42usd.jpg,image,jpg,Local,,2026-04-03,processed,,frontal,bone_straight,22,,,,,,,,,,,yes,yes,yes,yes,no,no,Price: 42USD,,,,,,,5,,,,,
AST-0219,insta-ads/IMG_7863.jpeg,virgin-body-wave-14in-red-black-wig-128usd-3.jpg,assets/processed/virgin-body-wave-14in-red-black-wig-128usd-3.jpg,image,jpg,Local,,2026-04-03,processed,,wig,body_wave,14,,,,,,,,,,,yes,yes,yes,yes,no,no,Price: 128USD,,,,,,,5,,,,,
